<?xml version="1.0" encoding="UTF-8" standalone="yes"?>
<addon id="plugin.video.movie4k"
	name="Movie4K.to"
	version="1.0.0"
	provider-name="eleazarcoding">
  <requires>
    <import addon="xbmc.python" version="2.1.0"/>
    <import addon="script.module.urlresolver"  version="2.1.2"/>
  </requires>
  <extension point="xbmc.python.pluginsource" library="default.py">
    <provides>video</provides>
  </extension>
  <extension point="xbmc.addon.metadata">
    <summary lang="en">Movie4K.to</summary>
    <description lang="en">Movie4K/Movie2K is one of the best and easiest free movies websites to watch movies on the internet. Simply select the movie of your choice for free and without registration.</description>
    <platform>all</platform>
  </extension>
</addon>
