﻿<?xml version="1.0" encoding="UTF-8" standalone="yes"?>
<addon id="repository.eleazar" name="Eleazar's XBMC Add-on Repository" version="1.0" provider-name="eleazar">
	<extension point="xbmc.addon.repository" name="Eleazar's XBMC Addon Repository">
		<info compressed="false">http://github.com/eleazarcoding/eleazar-xbmc/raw/master/addons.xml</info>
		<checksum>http://github.com/eleazarcoding/eleazar-xbmc/raw/master/addons.xml.md5</checksum>
		<datadir zip="true">http://github.com/eleazarcoding/eleazar-xbmc/raw/master/</datadir>
	</extension>
	<extension point="xbmc.addon.metadata">
		<summary>Eleazar's XBMC Add-on Repository</summary>
		<description>Eleazar's XBMC Add-on Repository</description>
		<platform>all</platform>
	</extension>
</addon>

